date,XLRE
2015-10-08,21.04412078857422
2015-10-09,21.009292602539062
2015-10-12,21.14164924621582
2015-10-13,21.009292602539062
2015-10-14,21.009292602539062
2015-10-15,20.94660758972168
2015-10-16,21.345050811767578
2015-10-19,21.594438552856445
2015-10-20,21.615337371826172
2015-10-21,21.632749557495117
2015-10-22,21.906511306762695
2015-10-23,21.643198013305664
2015-10-26,21.671070098876953
2015-10-27,21.676633834838867
2015-10-28,21.597919464111328
2015-10-29,21.696142196655273
2015-10-30,21.559612274169922
2015-11-02,21.559612274169922
2015-11-03,21.83824348449707
2015-11-04,21.747695922851562
2015-11-05,21.664094924926758
2015-11-06,20.86301040649414
2015-11-09,20.69582748413086
2015-11-10,20.91873550415039
2015-11-11,20.991188049316406
2015-11-12,20.86301040649414
2015-11-13,20.591333389282227
2015-11-16,20.57044219970703
2015-11-17,20.890872955322266
2015-11-18,21.13816261291504
2015-11-19,21.25310707092285
2015-11-20,21.427255630493164
2015-11-23,21.538711547851562
2015-11-24,21.211307525634766
2015-11-25,21.211307525634766
2015-11-27,21.371522903442383
2015-11-30,21.420286178588867
2015-12-01,21.774852752685547
2015-12-02,21.329730987548828
2015-12-03,20.90481185913086
2015-12-04,21.329730987548828
2015-12-07,21.329730987548828
2015-12-08,21.39938735961914
2015-12-09,21.280967712402344
2015-12-10,21.106822967529297
2015-12-11,20.99397087097168
2015-12-14,21.058752059936523
2015-12-15,21.301862716674805
2015-12-16,21.68498420715332
2015-12-17,21.65713119506836
2015-12-18,21.375410079956055
2015-12-21,21.41061782836914
2015-12-22,21.607826232910156
2015-12-23,21.819116592407227
2015-12-24,21.84025764465332
2015-12-28,21.781789779663086
2015-12-29,22.143089294433594
2015-12-30,22.143089294433594
2015-12-31,21.962797164916992
2016-01-04,21.452882766723633
2016-01-05,22.102949142456055
2016-01-06,21.889545440673828
2016-01-07,21.488101959228516
2016-01-08,21.206384658813477
2016-01-11,21.333154678344727
2016-01-12,21.100736618041992
2016-01-13,20.882396697998047
2016-01-14,20.952835083007812
2016-01-15,20.600685119628906
2016-01-19,20.74154281616211
2016-01-20,20.185148239135742
2016-01-21,20.340087890625
2016-01-22,20.762672424316406
2016-01-25,20.762672424316406
2016-01-26,20.94719886779785
2016-01-27,20.762672424316406
2016-01-28,20.53729248046875
2016-01-29,20.558425903320312
2016-02-01,20.995088577270508
2016-02-02,20.72745704650879
2016-02-03,20.748584747314453
2016-02-04,20.87325096130371
2016-02-05,20.493635177612305
2016-02-08,19.407609939575195
2016-02-09,19.255477905273438
2016-02-10,19.663970947265625
2016-02-11,19.17095947265625
2016-02-12,19.361125946044922
2016-02-16,19.361125946044922
2016-02-17,19.96681785583496
2016-02-18,20.213321685791016
2016-02-19,20.185148239135742
2016-02-22,20.49504280090332
2016-02-23,20.389394760131836
2016-02-24,20.406293869018555
2016-02-25,20.53729248046875
2016-02-26,20.68520164489746
2016-02-29,20.657026290893555
2016-03-01,21.15003204345703
2016-03-02,21.3824520111084
2016-03-03,21.412029266357422
2016-03-04,21.474016189575195
2016-03-07,21.45992660522461
2016-03-08,21.42753028869629
2016-03-09,21.362028121948242
2016-03-10,21.261314392089844
2016-03-11,21.755727767944336
2016-03-14,21.826162338256836
2016-03-15,21.970542907714844
2016-03-16,21.805030822753906
2016-03-17,22.534685134887695
2016-03-18,22.37611961364746
2016-03-21,22.26236343383789
2016-03-22,22.223249435424805
2016-03-23,22.1414852142334
2016-03-24,22.177034378051758
2016-03-28,22.319242477416992
2016-03-29,22.8027400970459
2016-03-30,22.752975463867188
2016-03-31,22.866735458374023
2016-04-01,22.91437530517578
2016-04-04,22.880958557128906
2016-04-05,22.67618179321289
2016-04-06,22.738750457763672
2016-04-07,22.553878784179688
2016-04-08,22.767194747924805
2016-04-11,22.752975463867188
2016-04-12,22.852508544921875
2016-04-13,22.76506233215332
2016-04-14,22.674753189086914
2016-04-15,22.83118438720703
2016-04-18,22.91650390625
2016-04-19,22.83829116821289
2016-04-20,22.610767364501953
2016-04-21,22.08744239807129
2016-04-22,22.36901092529297
2016-04-25,22.52614974975586
2016-04-26,22.589435577392578
2016-04-27,22.504114151000977
2016-04-28,22.526859283447266
2016-04-29,22.312135696411133
2016-05-02,22.546772003173828
2016-05-03,22.660533905029297
2016-05-04,22.98760986328125
2016-05-05,23.008947372436523
2016-05-06,23.12981414794922
2016-05-09,23.363033294677734
2016-05-10,23.44978141784668
2016-05-11,23.023162841796875
2016-05-12,23.101375579833984
2016-05-13,22.767898559570312
2016-05-16,23.078622817993164
2016-05-17,22.696090698242188
2016-05-18,22.136503219604492
2016-05-19,22.091712951660156
2016-05-20,22.242450714111328
2016-05-23,22.312135696411133
2016-05-24,22.461444854736328
2016-05-25,22.613601684570312
2016-05-26,22.596548080444336
2016-05-27,22.6854248046875
2016-05-31,22.696090698242188
2016-06-01,22.610767364501953
2016-06-02,22.681865692138672
2016-06-03,22.784255981445312
2016-06-06,22.79563331604004
2016-06-07,22.814119338989258
2016-06-08,22.923616409301758
2016-06-09,22.97196388244629
2016-06-10,22.8596248626709
2016-06-13,22.852508544921875
2016-06-14,22.745864868164062
2016-06-15,22.98050308227539
2016-06-16,23.098535537719727
2016-06-17,23.062685012817383
2016-06-20,23.084192276000977
2016-06-21,23.270580291748047
2016-06-22,23.249080657958984
2016-06-23,23.349451065063477
2016-06-24,23.055513381958008
2016-06-27,23.019668579101562
2016-06-28,23.442646026611328
2016-06-29,23.88711929321289
2016-06-30,24.0806827545166
2016-07-01,24.06634521484375
2016-07-05,24.24198341369629
2016-07-06,24.209728240966797
2016-07-07,23.908626556396484
2016-07-08,24.32300567626953
2016-07-11,24.510822296142578
2016-07-12,24.561002731323242
2016-07-13,24.67570686340332
2016-07-14,24.538785934448242
2016-07-15,24.50294303894043
2016-07-18,24.510822296142578
2016-07-19,24.581085205078125
2016-07-20,24.54667091369629
2016-07-21,24.618364334106445
2016-07-22,24.804750442504883
2016-07-25,24.76890754699707
2016-07-26,24.629114151000977
2016-07-27,24.446304321289062
2016-07-28,24.596853256225586
2016-07-29,24.860666275024414
2016-08-01,24.94096565246582
2016-08-02,24.561002731323242
2016-08-03,24.374610900878906
2016-08-04,24.331594467163086
2016-08-05,24.331594467163086
2016-08-08,24.324430465698242
2016-08-09,24.48931884765625
2016-08-10,24.439130783081055
2016-08-11,24.209728240966797
2016-08-12,24.288589477539062
2016-08-15,24.259904861450195
2016-08-16,23.96598243713379
2016-08-17,24.06634521484375
2016-08-18,24.01616668701172
2016-08-19,23.82977294921875
2016-08-22,23.944473266601562
2016-08-23,23.930133819580078
2016-08-24,23.865615844726562
2016-08-25,23.96598243713379
2016-08-26,23.72940444946289
2016-08-29,23.96598243713379
2016-08-30,23.894285202026367
2016-08-31,23.930133819580078
2016-09-01,23.9229679107666
2016-09-02,24.0806827545166
2016-09-06,24.281417846679688
2016-09-07,24.40249252319336
2016-09-08,24.092599868774414
2016-09-09,23.177324295043945
2016-09-12,23.271013259887695
2016-09-13,22.860218048095703
2016-09-14,22.903467178344727
2016-09-15,23.07642936706543
2016-09-16,22.997148513793945
2016-09-19,23.234973907470703
2016-09-20,23.19173812866211
2016-09-21,23.458393096923828
2016-09-22,23.919633865356445
2016-09-23,24.013320922851562
2016-09-26,24.063764572143555
2016-09-27,23.85477066040039
2016-09-28,24.020523071289062
2016-09-29,23.725051879882812
2016-09-30,23.616939544677734
2016-10-03,23.162904739379883
2016-10-04,22.809770584106445
2016-10-05,22.384565353393555
2016-10-06,22.427804946899414
2016-10-07,22.370153427124023
2016-10-10,22.45663833618164
2016-10-11,22.283674240112305
2016-10-12,22.600778579711914
2016-10-13,22.67283821105957
2016-10-14,22.644014358520508
2016-10-17,22.665632247924805
2016-10-18,22.780941009521484
2016-10-19,22.86742401123047
2016-10-20,22.78814697265625
2016-10-21,22.77373504638672
2016-10-24,22.802568435668945
2016-10-25,22.77373504638672
2016-10-26,22.478252410888672
2016-10-27,21.944950103759766
2016-10-28,22.00260353088379
2016-10-31,22.305286407470703
2016-11-01,21.86566734313965
2016-11-02,21.526947021484375
2016-11-03,21.433256149291992
2016-11-04,21.577394485473633
2016-11-07,21.973773956298828
2016-11-08,22.110700607299805
2016-11-09,21.61343002319336
2016-11-10,21.289119720458984
2016-11-11,21.31073760986328
2016-11-14,21.72873878479004
2016-11-15,21.5845947265625
2016-11-16,21.570188522338867
2016-11-17,21.368392944335938
2016-11-18,21.411640167236328
2016-11-21,21.353981018066406
2016-11-22,21.72153663635254
2016-11-23,21.570188522338867
2016-11-25,21.66387939453125
2016-11-28,21.74315643310547
2016-11-29,21.89449691772461
2016-11-30,21.627840042114258
2016-12-01,21.296323776245117
2016-12-02,21.49812126159668
2016-12-05,21.67108726501465
2016-12-06,21.764772415161133
2016-12-07,22.21880531311035
2016-12-08,22.33411979675293
2016-12-09,22.319704055786133
2016-12-12,22.550325393676758
2016-12-13,22.60797882080078
2016-12-14,22.21159553527832
2016-12-15,22.03142738342285
2016-12-16,22.340410232543945
2016-12-19,22.538562774658203
2016-12-20,22.553245544433594
2016-12-21,22.267013549804688
2016-12-22,22.237655639648438
2016-12-23,22.25967788696289
2016-12-27,22.318387985229492
2016-12-28,22.149587631225586
2016-12-29,22.355085372924805
2016-12-30,22.567922592163086
2017-01-03,22.641313552856445
2017-01-04,22.927541732788086
2017-01-05,23.044967651367188
2017-01-06,23.044967651367188
2017-01-09,22.898181915283203
2017-01-10,22.611953735351562
2017-01-11,22.487194061279297
2017-01-12,22.57526206970215
2017-01-13,22.52389144897461
2017-01-17,22.707366943359375
2017-01-18,22.758739471435547
2017-01-19,22.538562774658203
2017-01-20,22.67800521850586
2017-01-23,22.81745147705078
2017-01-24,22.824787139892578
2017-01-25,22.68535041809082
2017-01-26,22.670669555664062
2017-01-27,22.479848861694336
2017-01-30,22.355085372924805
2017-01-31,22.538562774658203
2017-02-01,22.289031982421875
2017-02-02,22.553245544433594
2017-02-03,22.700027465820312
2017-02-06,22.560583114624023
2017-02-07,22.516544342041016
2017-02-08,22.707366943359375
2017-02-09,22.802783966064453
2017-02-10,22.95689582824707
2017-02-13,23.06698226928711
2017-02-14,22.949554443359375
2017-02-15,22.883508682250977
2017-02-16,22.97891616821289
2017-02-17,23.044967651367188
2017-02-21,23.36055564880371
2017-02-22,23.272483825683594
2017-02-23,23.42660140991211
2017-02-24,23.544031143188477
2017-02-27,23.661453247070312
2017-02-28,23.588058471679688
2017-03-01,23.529356002807617
2017-03-02,23.45595932006836
2017-03-03,23.382568359375
2017-03-06,23.287158966064453
2017-03-07,23.2064266204834
2017-03-08,22.861480712890625
2017-03-09,22.567922592163086
2017-03-10,22.54590606689453
2017-03-13,22.57526206970215
2017-03-14,22.54590606689453
2017-03-15,22.97891616821289
2017-03-16,22.927541732788086
2017-03-17,22.97037696838379
2017-03-20,22.99253273010254
2017-03-21,22.955608367919922
2017-03-22,23.007301330566406
2017-03-23,23.17718505859375
2017-03-24,23.155029296875
2017-03-27,22.97037696838379
2017-03-28,23.10332679748535
2017-03-29,23.184572219848633
2017-03-30,23.23627281188965
2017-03-31,23.339675903320312
2017-04-03,23.369220733642578
2017-04-04,23.302743911743164
2017-04-05,23.339675903320312
2017-04-06,23.472631454467773
2017-04-07,23.502166748046875
2017-04-10,23.66465950012207
2017-04-11,23.775447845458984
2017-04-12,23.738515853881836
2017-04-13,23.686813354492188
2017-04-17,23.960094451904297
2017-04-18,24.019187927246094
2017-04-19,23.967491149902344
2017-04-20,23.960094451904297
2017-04-21,23.878856658935547
2017-04-24,23.642499923706055
2017-04-25,23.694204330444336
2017-04-26,23.494783401489258
2017-04-27,23.50955581665039
2017-04-28,23.376604080200195
2017-05-01,23.524328231811523
2017-05-02,23.531709671020508
2017-05-03,23.24365997314453
2017-05-04,23.26582145690918
2017-05-05,23.450469970703125
2017-05-08,23.324909210205078
2017-05-09,23.23627281188965
2017-05-10,23.36183738708496
2017-05-11,23.251041412353516
2017-05-12,23.162418365478516
2017-05-15,23.26582145690918
2017-05-16,23.14763832092285
2017-05-17,23.295364379882812
2017-05-18,23.339675903320312
2017-05-19,23.472631454467773
2017-05-22,23.531709671020508
2017-05-23,23.561256408691406
2017-05-24,23.694204330444336
2017-05-25,23.7828369140625
2017-05-26,23.635112762451172
2017-05-30,23.56863784790039
2017-05-31,23.531709671020508
2017-06-01,23.605571746826172
2017-06-02,23.812379837036133
2017-06-05,23.753292083740234
2017-06-06,23.642499923706055
2017-06-07,23.76806640625
2017-06-08,23.657276153564453
2017-06-09,23.76806640625
2017-06-12,23.923168182373047
2017-06-13,23.982257843017578
2017-06-14,24.05611801147461
2017-06-15,24.174291610717773
2017-06-16,24.16088104248047
2017-06-19,24.17578125
2017-06-20,24.131099700927734
2017-06-21,24.078962326049805
2017-06-22,24.093854904174805
2017-06-23,24.198129653930664
2017-06-26,24.309846878051758
2017-06-27,24.213024139404297
2017-06-28,24.242813110351562
2017-06-29,23.99703598022461
2017-06-30,23.982139587402344
2017-07-03,24.205575942993164
2017-07-05,23.915103912353516
2017-07-06,23.483129501342773
2017-07-07,23.617189407348633
2017-07-10,23.43099021911621
2017-07-11,23.393756866455078
2017-07-12,23.69911003112793
2017-07-13,23.743806838989258
2017-07-14,23.982139587402344
2017-07-17,24.034276962280273
2017-07-18,24.004480361938477
2017-07-19,24.183231353759766
2017-07-20,24.116193771362305
2017-07-21,24.16088104248047
2017-07-24,24.14598846435547
2017-07-25,24.14598846435547
2017-07-26,24.34708595275879
2017-07-27,24.324739456176758
2017-07-28,24.309846878051758
2017-07-31,24.272605895996094
2017-08-01,24.37687110900879
2017-08-02,24.257709503173828
2017-08-03,24.198129653930664
2017-08-04,24.272605895996094
2017-08-07,24.257709503173828
2017-08-08,24.14598846435547
2017-08-09,24.17578125
2017-08-10,23.959793090820312
2017-08-11,23.803388595581055
2017-08-14,24.198129653930664
2017-08-15,24.15343475341797
2017-08-16,24.227914810180664
2017-08-17,24.05661392211914
2017-08-18,23.877866744995117
2017-08-21,24.12364387512207
2017-08-22,24.10874366760254
2017-08-23,24.35453224182129
2017-08-24,24.309846878051758
2017-08-25,24.42900848388672
2017-08-28,24.302398681640625
2017-08-29,24.28750228881836
2017-08-30,24.399211883544922
2017-08-31,24.518375396728516
2017-09-01,24.518375396728516
2017-09-05,24.496036529541016
2017-09-06,24.53328514099121
2017-09-07,24.719478607177734
2017-09-08,24.726924896240234
2017-09-11,24.905672073364258
2017-09-12,24.63754653930664
2017-09-13,24.53328514099121
2017-09-14,24.7045841217041
2017-09-15,24.791601181030273
2017-09-18,24.649070739746094
2017-09-19,24.401531219482422
2017-09-20,24.334014892578125
2017-09-21,24.296512603759766
2017-09-22,24.086477279663086
2017-09-25,24.176494598388672
2017-09-26,24.198999404907227
2017-09-27,23.99646759033203
2017-09-28,24.16899299621582
2017-09-29,24.183992385864258
2017-10-02,24.093975067138672
2017-10-03,24.086477279663086
2017-10-04,24.296512603759766
2017-10-05,24.371532440185547
2017-10-06,24.30401611328125
2017-10-09,24.356523513793945
2017-10-10,24.394031524658203
2017-10-11,24.529054641723633
2017-10-12,24.70157814025879
2017-10-13,24.769088745117188
2017-10-16,24.649070739746094
2017-10-17,24.649070739746094
2017-10-18,24.60406494140625
2017-10-19,24.58905601501465
2017-10-20,24.55155372619629
2017-10-23,24.4615421295166
2017-10-24,24.30401611328125
2017-10-25,24.244003295898438
2017-10-26,24.108978271484375
2017-10-27,24.146484375
2017-10-30,24.296512603759766
2017-10-31,24.3790283203125
2017-11-01,24.356523513793945
2017-11-02,24.566560745239258
2017-11-03,24.566560745239258
2017-11-06,24.941625595092773
2017-11-07,25.174161911010742
2017-11-08,25.3616886138916
2017-11-09,25.3616886138916
2017-11-10,25.3616886138916
2017-11-13,25.43670082092285
2017-11-14,25.414201736450195
2017-11-15,25.22667121887207
2017-11-16,25.324186325073242
2017-11-17,25.174161911010742
2017-11-20,25.114154815673828
2017-11-21,25.249168395996094
2017-11-22,25.166664123535156
2017-11-24,25.256671905517578
2017-11-27,25.181663513183594
2017-11-28,25.121652603149414
2017-11-29,25.061635971069336
2017-11-30,25.091646194458008
2017-12-01,25.136648178100586
2017-12-04,24.806594848632812
2017-12-05,24.70908546447754
2017-12-06,24.746583938598633
2017-12-07,24.844106674194336
2017-12-08,24.90411376953125
2017-12-11,24.964120864868164
2017-12-12,25.076642990112305
2017-12-13,25.069141387939453
2017-12-14,25.091646194458008
2017-12-15,25.17127799987793
2017-12-18,25.25469970703125
2017-12-19,24.77691078186035
2017-12-20,24.5114688873291
2017-12-21,24.428049087524414
2017-12-22,24.587312698364258
2017-12-26,24.71623420715332
2017-12-27,24.8148250579834
2017-12-28,24.958925247192383
2017-12-29,24.98168182373047
2018-01-02,24.83757972717285
2018-01-03,24.845165252685547
2018-01-04,24.42046356201172
2018-01-05,24.47355079650879
2018-01-08,24.640399932861328
2018-01-09,24.359785079956055
2018-01-10,23.980588912963867
2018-01-11,23.828908920288086
2018-01-12,23.654481887817383
2018-01-16,23.76824188232422
2018-01-17,23.904747009277344
2018-01-18,23.677234649658203
2018-01-19,23.844078063964844
2018-01-22,24.07160186767578
2018-01-23,24.44321632385254
2018-01-24,24.374954223632812
2018-01-25,24.321870803833008
2018-01-26,24.39012908935547
2018-01-29,24.109516143798828
2018-01-30,24.01092529296875
2018-01-31,24.503887176513672
2018-02-01,24.05643081665039
2018-02-02,23.783403396606445
2018-02-05,23.16910171508789
2018-02-06,23.12360191345215
2018-02-07,23.017423629760742
2018-02-08,22.296947479248047
2018-02-09,22.820236206054688
2018-02-12,22.88090705871582
2018-02-13,23.04776382446289
2018-02-14,22.90366554260254
2018-02-15,23.11601448059082
2018-02-16,23.267696380615234
2018-02-20,23.032588958740234
2018-02-21,22.607887268066406
2018-02-22,22.865747451782227
2018-02-23,23.28286361694336
2018-02-26,23.366289138793945
2018-02-27,22.865747451782227
2018-02-28,22.835407257080078
2018-03-01,22.721647262573242
2018-03-02,22.645803451538086
2018-03-05,22.964332580566406
2018-03-06,23.055343627929688
2018-03-07,23.153932571411133
2018-03-08,23.335948944091797
2018-03-09,23.487632751464844
2018-03-12,23.601388931274414
2018-03-13,23.677234649658203
2018-03-14,23.72273826599121
2018-03-15,23.72273826599121
2018-03-16,23.847082138061523
2018-03-19,23.610593795776367
2018-03-20,23.602964401245117
2018-03-21,23.38935661315918
2018-03-22,23.305448532104492
2018-03-23,22.93927764892578
2018-03-26,23.25204849243164
2018-03-27,23.290193557739258
2018-03-28,23.71739387512207
2018-03-29,23.709762573242188
2018-04-02,23.41988182067871
2018-04-03,23.5037899017334
2018-04-04,23.778423309326172
2018-04-05,23.80130958557129
2018-04-06,23.55719566345215
2018-04-09,23.549560546875
2018-04-10,23.38935661315918
2018-04-11,23.450395584106445
2018-04-12,23.175758361816406
2018-04-13,23.297821044921875
2018-04-16,23.404619216918945
2018-04-17,23.71739387512207
2018-04-18,23.65636444091797
2018-04-19,23.259675979614258
2018-04-20,23.053701400756836
2018-04-23,23.09947395324707
2018-04-24,23.122360229492188
2018-04-25,23.04607391357422
2018-04-26,23.343591690063477
2018-04-27,23.65636444091797
2018-04-30,23.5648193359375
2018-05-01,23.73265266418457
2018-05-02,23.625850677490234
2018-05-03,23.61822509765625
2018-05-04,23.885229110717773
2018-05-07,23.930997848510742
2018-05-08,23.76316261291504
2018-05-09,23.94624900817871
2018-05-10,24.167482376098633
2018-05-11,24.05305290222168
2018-05-14,23.885229110717773
2018-05-15,23.480907440185547
2018-05-16,23.41988182067871
2018-05-17,23.297821044921875
2018-05-18,23.31307601928711
2018-05-21,23.549560546875
2018-05-22,23.580078125
2018-05-23,23.77079963684082
2018-05-24,23.67925453186035
2018-05-25,23.793678283691406
2018-05-29,23.854711532592773
2018-05-30,24.167482376098633
2018-05-31,24.091201782226562
2018-06-01,24.190366744995117
2018-06-04,24.426856994628906
2018-06-05,24.304794311523438
2018-06-06,24.373458862304688
2018-06-07,24.373458862304688
2018-06-08,24.457372665405273
2018-06-11,24.449743270874023
2018-06-12,24.58706283569336
2018-06-13,24.037799835205078
2018-06-14,24.26665687561035
2018-06-15,24.227420806884766
2018-06-18,24.204334259033203
2018-06-19,24.23511505126953
2018-06-20,24.496692657470703
2018-06-21,24.642871856689453
2018-06-22,24.858301162719727
2018-06-25,24.7967529296875
2018-06-26,24.927541732788086
2018-06-27,24.858301162719727
2018-06-28,25.104501724243164
2018-06-29,25.166044235229492
2018-07-02,25.019866943359375
2018-07-03,25.166044235229492
2018-07-05,25.496871948242188
2018-07-06,25.60458755493164
2018-07-09,25.366079330444336
2018-07-10,25.489181518554688
2018-07-11,25.412240982055664
2018-07-12,25.473796844482422
2018-07-13,25.389163970947266
2018-07-16,25.25067901611328
2018-07-17,25.081417083740234
2018-07-18,24.989091873168945
2018-07-19,25.227596282958984
2018-07-20,25.00448226928711
2018-07-23,24.93523406982422
2018-07-24,24.865991592407227
2018-07-25,25.112194061279297
2018-07-26,25.196826934814453
2018-07-27,24.96601104736328
2018-07-30,24.94293212890625
2018-07-31,25.427627563476562
2018-08-01,25.596895217895508
2018-08-02,25.473796844482422
2018-08-03,25.804616928100586
2018-08-06,25.750770568847656
2018-08-07,25.696914672851562
2018-08-08,25.535343170166016
2018-08-09,25.581506729125977
2018-08-10,25.33530044555664
2018-08-13,25.327611923217773
2018-08-14,25.427627563476562
2018-08-15,25.6507511138916
2018-08-16,25.850788116455078
2018-08-17,26.096973419189453
2018-08-20,26.127758026123047
2018-08-21,25.889253616333008
2018-08-22,25.72768783569336
2018-08-23,25.666141510009766
2018-08-24,25.843093872070312
2018-08-27,25.804616928100586
2018-08-28,26.12006378173828
2018-08-29,26.08159637451172
2018-08-30,25.943103790283203
2018-08-31,26.043127059936523
2018-09-04,25.812318801879883
2018-09-05,25.973880767822266
2018-09-06,26.05851173400879
2018-09-07,25.72768783569336
2018-09-10,25.866172790527344
2018-09-11,25.873870849609375
2018-09-12,25.89694595336914
2018-09-13,26.05851173400879
2018-09-14,25.83540153503418
2018-09-17,25.98158073425293
2018-09-18,25.827701568603516
2018-09-19,25.581506729125977
2018-09-20,25.773845672607422
2018-09-21,25.773845672607422
2018-09-24,25.268474578857422
2018-09-25,25.245149612426758
2018-09-26,24.965259552001953
2018-09-27,25.043001174926758
2018-09-28,25.354001998901367
2018-10-01,25.159629821777344
2018-10-02,25.081878662109375
2018-10-03,24.79420280456543
2018-10-04,24.677587509155273
2018-10-05,24.685361862182617
2018-10-08,25.004133224487305
2018-10-09,25.089656829833984
2018-10-10,24.69313621520996
2018-10-11,23.970069885253906
2018-10-12,23.954519271850586
2018-10-15,24.10223960876465
2018-10-16,24.55318260192871
2018-10-17,24.483211517333984
2018-10-18,24.490985870361328
2018-10-19,24.739784240722656
2018-10-22,24.389909744262695
2018-10-23,24.5454158782959
2018-10-24,24.833087921142578
2018-10-25,25.128530502319336
2018-10-26,24.475433349609375
2018-10-29,24.879737854003906
2018-10-30,25.291807174682617
2018-10-31,24.94971466064453
2018-11-01,25.043001174926758
2018-11-02,24.833087921142578
2018-11-05,25.245149612426758
2018-11-06,25.38511085510254
2018-11-07,25.664997100830078
2018-11-08,25.71942901611328
2018-11-09,25.750524520874023
2018-11-12,25.80494499206543
2018-11-13,25.8593692779541
2018-11-14,25.85160255432129
2018-11-15,25.649456024169922
2018-11-16,26.014869689941406
2018-11-19,26.084840774536133
2018-11-20,25.742752075195312
2018-11-21,25.72719955444336
2018-11-23,25.633901596069336
2018-11-26,25.688322067260742
2018-11-27,25.828269958496094
2018-11-28,26.03819465637207
2018-11-29,26.069303512573242
2018-11-30,26.31809425354004
2018-12-03,26.44249153137207
2018-12-04,26.092620849609375
2018-12-06,26.80791473388672
2018-12-07,26.403615951538086
2018-12-10,26.30254554748535
2018-12-11,26.34918975830078
2018-12-12,25.85160255432129
2018-12-13,26.030420303344727
2018-12-14,25.983766555786133
2018-12-17,25.011903762817383
2018-12-18,25.260704040527344
2018-12-19,25.027454376220703
2018-12-20,24.72422981262207
2018-12-21,24.345870971679688
2018-12-24,23.44912338256836
2018-12-26,24.1964111328125
2018-12-27,24.251476287841797
2018-12-28,24.3380069732666
2018-12-31,24.385204315185547
2019-01-02,23.826702117919922
2019-01-03,23.936832427978516
2019-01-04,24.180681228637695
2019-01-07,24.385204315185547
2019-01-08,24.80997657775879
2019-01-09,24.707714080810547
2019-01-10,25.101024627685547
2019-01-11,25.148225784301758
2019-01-14,25.069561004638672
2019-01-15,25.352745056152344
2019-01-16,25.470739364624023
2019-01-17,25.59659767150879
2019-01-18,25.690988540649414
2019-01-22,25.64379119873047
2019-01-23,25.659523010253906
2019-01-24,25.761783599853516
2019-01-25,26.06070327758789
2019-01-28,26.32028579711914
2019-01-29,26.52480697631836
2019-01-30,26.745065689086914
2019-01-31,27.004642486572266
2019-02-01,26.83945083618164
2019-02-04,26.996780395507812
2019-02-05,27.17770004272461
2019-02-06,26.965314865112305
2019-02-07,27.193435668945312
2019-02-08,27.193435668945312
2019-02-11,27.272096633911133
2019-02-12,27.08331298828125
2019-02-13,27.264225006103516
2019-02-14,27.366493225097656
2019-02-15,27.53168296813965
2019-02-19,27.56314468383789
2019-02-20,27.390085220336914
2019-02-21,27.43728256225586
2019-02-22,27.594615936279297
2019-02-25,27.366493225097656
2019-02-26,27.311426162719727
2019-02-27,27.224899291992188
2019-02-28,27.30355453491211
2019-03-01,27.272096633911133
2019-03-04,27.38222885131836
2019-03-05,27.46088218688965
2019-03-06,27.390085220336914
2019-03-07,27.366493225097656
2019-03-08,27.390085220336914
2019-03-11,27.814868927001953
2019-03-12,27.964317321777344
2019-03-13,28.098047256469727
2019-03-14,28.168842315673828
2019-03-15,28.0533390045166
2019-03-18,27.91094398498535
2019-03-19,27.831819534301758
2019-03-20,27.95840072631836
2019-03-21,28.45680809020996
2019-03-22,28.32231903076172
2019-03-25,28.34605598449707
2019-03-26,28.520099639892578
2019-03-27,28.42516326904297
2019-03-28,28.662508010864258
2019-03-29,28.65459442138672
2019-04-01,28.56757164001465
2019-04-02,28.812816619873047
2019-04-03,28.781177520751953
2019-04-04,28.694149017333984
2019-04-05,28.915664672851562
2019-04-08,28.77326011657715
2019-04-09,28.686235427856445
2019-04-10,28.915664672851562
2019-04-11,28.876108169555664
2019-04-12,29.03433609008789
2019-04-15,28.86028289794922
2019-04-16,28.179916381835938
2019-04-17,27.88719940185547
2019-04-18,28.10870933532715
2019-04-22,27.800172805786133
2019-04-23,28.11663055419922
2019-04-24,28.314403533935547
2019-04-25,28.282766342163086
2019-04-26,28.472640991210938
2019-04-29,28.179916381835938
2019-04-30,28.504276275634766
2019-05-01,28.504276275634766
2019-05-02,28.559656143188477
2019-05-03,28.7574405670166
2019-05-06,28.638763427734375
2019-05-07,28.148271560668945
2019-05-08,28.148271560668945
2019-05-09,28.243207931518555
2019-05-10,28.56757164001465
2019-05-13,28.56757164001465
2019-05-14,28.67041778564453
2019-05-15,28.86028289794922
2019-05-16,29.026416778564453
2019-05-17,28.986867904663086
2019-05-20,28.520099639892578
2019-05-21,28.7574405670166
2019-05-22,28.891935348510742
2019-05-23,29.03433609008789
2019-05-24,29.07387924194336
2019-05-28,28.77326011657715
2019-05-29,28.44099235534668
2019-05-30,28.615032196044922
2019-05-31,28.852373123168945
2019-06-03,28.963134765625
2019-06-04,28.804912567138672
2019-06-05,29.4615478515625
2019-06-06,29.516923904418945
2019-06-07,29.611852645874023
2019-06-10,29.509002685546875
2019-06-11,29.56438636779785
2019-06-12,29.675140380859375
2019-06-13,29.714698791503906
2019-06-14,29.84128189086914
2019-06-17,30.16564178466797
2019-06-18,30.0786190032959
2019-06-19,30.276397705078125
2019-06-20,30.458364486694336
2019-06-21,30.117874145507812
2019-06-24,29.96636199951172
2019-06-25,29.559690475463867
2019-06-26,28.98556137084961
2019-06-27,29.22478485107422
2019-06-28,29.320472717285156
2019-07-01,29.264650344848633
2019-07-02,29.806882858276367
2019-07-03,30.23747444152832
2019-07-05,30.070024490356445
2019-07-08,30.181671142578125
2019-07-09,30.341135025024414
2019-07-10,30.50860595703125
2019-07-11,30.117874145507812
2019-07-12,29.998254776000977
2019-07-15,30.038122177124023
2019-07-16,29.990285873413086
2019-07-17,29.83877182006836
2019-07-18,29.830806732177734
2019-07-19,29.344392776489258
2019-07-22,29.3124942779541
2019-07-23,29.59956169128418
2019-07-24,29.575634002685547
2019-07-25,29.44805335998535
2019-07-26,29.543733596801758
2019-07-29,29.655372619628906
2019-07-30,29.950410842895508
2019-07-31,29.830806732177734
2019-08-01,29.902563095092773
2019-08-02,30.13381576538086
2019-08-05,29.559690475463867
2019-08-06,29.926494598388672
2019-08-07,30.20558738708496
2019-08-08,30.684019088745117
2019-08-09,30.67604637145996
2019-08-12,30.65213966369629
2019-08-13,30.668075561523438
2019-08-14,30.189632415771484
2019-08-15,30.612268447875977
2019-08-16,30.82754898071289
2019-08-19,31.106647491455078
2019-08-20,30.87540054321289
2019-08-21,31.002986907958984
2019-08-22,31.154495239257812
2019-08-23,30.763761520385742
2019-08-26,31.050827026367188
2019-08-27,30.947172164916992
2019-08-28,31.03488540649414
2019-08-29,31.258150100708008
2019-08-30,31.26612663269043
2019-09-03,31.712678909301758
2019-09-04,31.975812911987305
2019-09-05,31.696733474731445
2019-09-06,31.736587524414062
2019-09-09,31.497364044189453
2019-09-10,31.03488540649414
2019-09-11,30.963115692138672
2019-09-12,31.14651870727539
2019-09-13,30.771732330322266
2019-09-16,31.090700149536133
2019-09-17,31.529266357421875
2019-09-18,31.43358612060547
2019-09-19,31.537246704101562
2019-09-20,31.403194427490234
2019-09-23,31.515567779541016
2019-09-24,31.475431442260742
2019-09-25,31.443323135375977
2019-09-26,31.748367309570312
2019-09-27,31.539657592773438
2019-09-30,31.579788208007812
2019-10-01,31.30685806274414
2019-10-02,31.11420249938965
2019-10-03,31.48346519470215
2019-10-04,31.627958297729492
2019-10-07,31.571758270263672
2019-10-08,31.419239044189453
2019-10-09,31.515567779541016
2019-10-10,31.595834732055664
2019-10-11,31.491491317749023
2019-10-14,31.539657592773438
2019-10-15,31.5637264251709
2019-10-16,31.523601531982422
2019-10-17,31.732315063476562
2019-10-18,32.037357330322266
2019-10-21,32.25409698486328
2019-10-22,32.15776824951172
2019-10-23,32.21395492553711
2019-10-24,32.093536376953125
2019-10-25,31.70020294189453
2019-10-28,31.363052368164062
2019-10-29,31.443323135375977
2019-10-30,31.67611312866211
2019-10-31,31.571758270263672
2019-11-01,31.491491317749023
2019-11-04,31.13828468322754
2019-11-05,30.600444793701172
2019-11-06,30.712839126586914
2019-11-07,30.383716583251953
2019-11-08,30.327510833740234
2019-11-11,30.383716583251953
2019-11-12,30.18301773071289
2019-11-13,30.488067626953125
2019-11-14,30.7930965423584
2019-11-15,30.945621490478516
2019-11-18,31.11420249938965
2019-11-19,31.178422927856445
2019-11-20,31.194486618041992
2019-11-21,30.77705192565918
2019-11-22,30.600444793701172
2019-11-25,30.624530792236328
2019-11-26,31.04998779296875
2019-11-27,31.14630699157715
2019-11-29,31.025896072387695
2019-12-02,30.45594596862793
2019-12-03,30.704797744750977
2019-12-04,30.8653507232666
2019-12-05,30.913509368896484
2019-12-06,30.921537399291992
2019-12-09,30.961687088012695
2019-12-10,30.74493408203125
2019-12-11,30.51214599609375
2019-12-12,30.142881393432617
2019-12-13,30.17498779296875
2019-12-16,30.407793045043945
2019-12-17,30.078659057617188
2019-12-18,30.50411605834961
2019-12-19,30.7930965423584
2019-12-20,31.030872344970703
2019-12-23,30.84422492980957
2019-12-24,30.884807586669922
2019-12-26,31.071447372436523
2019-12-27,31.185047149658203
2019-12-30,31.16069793701172
2019-12-31,31.37980079650879
2020-01-02,31.014636993408203
2020-01-03,31.24184799194336
2020-01-06,31.249963760375977
2020-01-07,30.909143447875977
2020-01-08,31.063329696655273
2020-01-09,31.055212020874023
2020-01-10,31.35546112060547
2020-01-13,31.736854553222656
2020-01-14,31.58266258239746
2020-01-15,31.801767349243164
2020-01-16,32.08578872680664
2020-01-17,32.12635803222656
2020-01-21,32.45096206665039
2020-01-22,32.19127655029297
2020-01-23,32.499637603759766
2020-01-24,32.45096206665039
2020-01-27,32.3129997253418
2020-01-28,32.394142150878906
2020-01-29,32.2237434387207
2020-01-30,32.29677200317383
2020-01-31,31.834226608276367
2020-02-03,31.8666934967041
2020-02-04,32.28054428100586
2020-02-05,32.256187438964844
2020-02-06,32.394142150878906
2020-02-07,32.410377502441406
2020-02-10,32.783660888671875
2020-02-11,33.181278228759766
2020-02-12,33.392269134521484
2020-02-13,33.59513854980469
2020-02-14,33.98463439941406
2020-02-18,33.952186584472656
2020-02-19,33.47341537475586
2020-02-20,33.8466911315918
2020-02-21,34.02522277832031
2020-02-24,33.570777893066406
2020-02-25,32.72686004638672
2020-02-26,32.442840576171875
2020-02-27,30.608905792236328
2020-02-28,29.854228973388672
2020-03-02,31.339231491088867
2020-03-03,31.31488609313965
2020-03-04,32.532100677490234
2020-03-05,31.785545349121094
2020-03-06,31.24184799194336
2020-03-09,29.034631729125977
2020-03-10,30.446609497070312
2020-03-11,28.815540313720703
2020-03-12,26.340532302856445
2020-03-13,28.653242111206055
2020-03-16,24.068397521972656
2020-03-17,25.529054641723633
2020-03-18,23.735692977905273
2020-03-19,23.36241340637207
2020-03-20,22.039703369140625
2020-03-23,20.815006256103516
2020-03-24,22.629980087280273
2020-03-25,23.63558006286621
2020-03-26,25.450551986694336
2020-03-27,25.515958786010742
2020-03-30,26.178176879882812
2020-03-31,25.34427261352539
2020-04-01,23.807268142700195
2020-04-02,24.1588134765625
2020-04-03,23.954423904418945
2020-04-06,25.687644958496094
2020-04-07,25.695823669433594
2020-04-08,27.62525177001953
2020-04-09,29.047807693481445
2020-04-13,27.715192794799805
2020-04-14,28.639028549194336
2020-04-15,27.535324096679688
2020-04-16,27.3554630279541
2020-04-17,28.238422393798828
2020-04-20,27.19195556640625
2020-04-21,26.791349411010742
2020-04-22,27.257352828979492
2020-04-23,26.946685791015625
2020-04-24,27.0447940826416
2020-04-27,27.82964324951172
2020-04-28,27.854177474975586
2020-04-29,27.927751541137695
2020-04-30,27.73154067993164
2020-05-01,26.88128089904785
2020-05-04,26.864925384521484
2020-05-05,27.0366153717041
2020-05-06,26.537904739379883
2020-05-07,26.774995803833008
2020-05-08,27.26552963256836
2020-05-11,26.93851089477539
2020-05-12,25.793926239013672
2020-05-13,25.385147094726562
2020-05-14,25.4178524017334
2020-05-15,25.327922821044922
2020-05-18,26.56243324279785
2020-05-19,26.0473690032959
2020-05-20,26.29263687133789
2020-05-21,26.161827087402344
2020-05-22,26.73412322998047
2020-05-26,27.584383010864258
2020-05-27,28.173025131225586
2020-05-28,28.49186897277832
2020-05-29,28.328359603881836
2020-06-01,28.89246368408203
2020-06-02,29.080509185791016
2020-06-03,29.775434494018555
2020-06-04,29.21950340270996
2020-06-05,30.290494918823242
2020-06-08,30.952713012695312
2020-06-09,30.59298324584961
2020-06-10,30.02069854736328
2020-06-11,28.164840698242188
2020-06-12,29.055984497070312
2020-06-15,29.423877716064453
2020-06-16,29.914413452148438
2020-06-17,29.562870025634766
2020-06-18,29.194961547851562
2020-06-19,28.9006404876709
2020-06-22,28.81826400756836
2020-06-23,28.711158752441406
2020-06-24,27.97793197631836
2020-06-25,28.274518966674805
2020-06-26,27.7884521484375
2020-06-29,28.266281127929688
2020-06-30,28.67820167541504
2020-07-01,29.460865020751953
2020-07-02,29.362001419067383
2020-07-06,29.39495849609375
2020-07-07,28.917123794555664
2020-07-08,28.900646209716797
2020-07-09,28.801788330078125
2020-07-10,28.834733963012695
2020-07-13,28.38161849975586
2020-07-14,28.661741256713867
2020-07-15,28.79355239868164
2020-07-16,28.455764770507812
2020-07-17,28.851215362548828
2020-07-20,28.579343795776367
2020-07-21,28.587583541870117
2020-07-22,28.933605194091797
2020-07-23,28.785306930541992
2020-07-24,28.669971466064453
2020-07-27,29.00775146484375
2020-07-28,29.592676162719727
2020-07-29,30.152894973754883
2020-07-30,29.905750274658203
2020-07-31,29.87278938293457
2020-08-03,29.39495849609375
2020-08-04,29.83159637451172
2020-08-05,29.60915184020996
2020-08-06,29.66682243347168
2020-08-07,30.070507049560547
2020-08-10,30.021080017089844
2020-08-11,29.444395065307617
2020-08-12,29.815122604370117
2020-08-13,29.469104766845703
2020-08-14,29.543245315551758
2020-08-17,29.806882858276367
2020-08-18,29.77392578125
2020-08-19,29.164278030395508
2020-08-20,29.477336883544922
2020-08-21,29.576204299926758
2020-08-24,29.61739730834961
2020-08-25,29.70802116394043
2020-08-26,29.502059936523438
2020-08-27,29.897510528564453
2020-08-28,30.12818145751953
2020-08-31,29.864553451538086
2020-09-01,29.815122604370117
2020-09-02,30.482439041137695
2020-09-03,29.971649169921875
2020-09-04,29.864553451538086
2020-09-08,29.485580444335938
2020-09-09,29.806882858276367
2020-09-10,29.386714935302734
2020-09-11,29.287853240966797
2020-09-14,30.004606246948242
2020-09-15,30.400049209594727
2020-09-16,30.597780227661133
2020-09-17,29.922222137451172
2020-09-18,29.32904052734375
2020-09-21,28.544166564941406
2020-09-22,28.883975982666016
2020-09-23,28.055171966552734
2020-09-24,28.18777847290039
2020-09-25,28.73479461669922
2020-09-28,29.232080459594727
2020-09-29,29.0828914642334
2020-09-30,29.232080459594727
2020-10-01,29.71277618408203
2020-10-02,30.193500518798828
2020-10-05,30.359254837036133
2020-10-06,30.102323532104492
2020-10-07,30.185205459594727
2020-10-08,30.690778732299805
2020-10-09,30.6079044342041
2020-10-12,30.765382766723633
2020-10-13,30.243223190307617
2020-10-14,29.89512062072754
2020-10-15,30.03601837158203
2020-10-16,29.928281784057617
2020-10-19,29.455860137939453
2020-10-20,29.65477180480957
2020-10-21,29.547025680541992
2020-10-22,29.33982276916504
2020-10-23,29.53045654296875
2020-10-26,29.17405891418457
2020-10-27,28.801101684570312
2020-10-28,28.16291618347168
2020-10-29,28.486146926879883
2020-10-30,28.303810119628906
2020-11-02,29.000011444091797
2020-11-03,29.455860137939453
2020-11-04,29.53873634338379
2020-11-05,29.646482467651367
2020-11-06,29.53045654296875
2020-11-09,30.309524536132812
2020-11-10,30.47529411315918
2020-11-11,30.707351684570312
2020-11-12,30.392414093017578
2020-11-13,31.0886173248291
2020-11-16,31.287519454956055
2020-11-17,31.304100036621094
2020-11-18,30.773666381835938
2020-11-19,30.823389053344727
2020-11-20,30.61618423461914
2020-11-23,30.51673126220703
2020-11-24,30.500154495239258
2020-11-25,30.574752807617188
2020-11-27,30.51673126220703
2020-11-30,30.251506805419922
2020-12-01,30.632766723632812
2020-12-02,30.309524536132812
2020-12-03,30.533302307128906
2020-12-04,30.939422607421875
2020-12-07,30.632766723632812
2020-12-08,30.491867065429688
2020-12-09,30.210079193115234
2020-12-10,30.0443115234375
2020-12-11,30.060888290405273
2020-12-14,29.845394134521484
2020-12-15,30.367555618286133
2020-12-16,30.375839233398438
2020-12-17,30.732215881347656
2020-12-18,30.2017822265625
2020-12-21,29.929773330688477
2020-12-22,30.13965606689453
2020-12-23,29.854211807250977
2020-12-24,30.148052215576172
2020-12-28,30.391517639160156
2020-12-29,30.156448364257812
2020-12-30,30.324357986450195
2020-12-31,30.69375991821289
2021-01-04,29.703096389770508
2021-01-05,29.669517517089844
2021-01-06,29.52678871154785
2021-01-07,29.619136810302734
2021-01-08,29.93816566467285
2021-01-11,29.4344425201416
2021-01-12,29.45962905883789
2021-01-13,29.86260986328125
2021-01-14,30.04730224609375
2021-01-15,30.50905990600586
2021-01-19,30.307559967041016
2021-01-20,30.937223434448242
2021-01-21,30.836475372314453
2021-01-22,30.91204261779785
2021-01-25,31.189085006713867
2021-01-26,31.508115768432617
2021-01-27,31.105134963989258
2021-01-28,31.189085006713867
2021-01-29,30.86166763305664
2021-02-01,31.558488845825195
2021-02-02,31.69281578063965
2021-02-03,31.56688117980957
2021-02-04,31.74319839477539
2021-02-05,31.852327346801758
2021-02-08,31.919498443603516
2021-02-09,32.06220626831055
2021-02-10,32.28049850463867
2021-02-11,32.22173309326172
2021-02-12,32.21332931518555
2021-02-16,31.86911964416504
2021-02-17,31.894309997558594
2021-02-18,31.877519607543945
2021-02-19,31.978260040283203
2021-02-22,32.162967681884766
2021-02-23,32.28049850463867
2021-02-24,32.43162536621094
2021-02-25,31.902698516845703
2021-02-26,31.348596572875977
2021-03-01,31.38218879699707
2021-03-02,31.189085006713867
2021-03-03,30.802894592285156
2021-03-04,30.576215744018555
2021-03-05,30.928831100463867
2021-03-08,31.07994842529297
2021-03-09,31.43256187438965
2021-03-10,31.74319839477539
2021-03-11,32.21332931518555
2021-03-12,32.767425537109375
2021-03-15,33.13683319091797
2021-03-16,33.13683319091797
2021-03-17,33.086456298828125
2021-03-18,32.87657928466797
2021-03-19,32.44001007080078
2021-03-22,32.79783248901367
2021-03-23,32.89958572387695
2021-03-24,32.75544738769531
2021-03-25,33.03525161743164
2021-03-26,33.84077835083008
2021-03-29,33.764469146728516
2021-03-30,33.62032699584961
2021-03-31,33.484657287597656
2021-04-01,34.01884841918945
2021-04-05,34.196922302246094
2021-04-06,34.28171157836914
2021-04-07,34.32410430908203
2021-04-08,34.154518127441406
2021-04-09,34.20539474487305
2021-04-12,34.408905029296875
2021-04-13,34.612403869628906
2021-04-14,34.400421142578125
2021-04-15,35.053321838378906
2021-04-16,35.10420227050781
2021-04-19,35.214439392089844
2021-04-20,35.6044807434082
2021-04-21,35.765586853027344
2021-04-22,35.61295700073242
2021-04-23,35.81645584106445
2021-04-26,35.892765045166016
2021-04-27,35.892765045166016
2021-04-28,35.765586853027344
2021-04-29,36.028446197509766
2021-04-30,36.2658576965332
2021-05-03,36.070838928222656
2021-05-04,35.850364685058594
2021-05-05,35.32465744018555
2021-05-06,35.494239807128906
2021-05-07,35.92668151855469
2021-05-10,36.08780288696289
2021-05-11,35.66383743286133
2021-05-12,34.79894256591797
2021-05-13,35.239864349365234
2021-05-14,35.570556640625
2021-05-17,35.587520599365234
2021-05-18,35.65534210205078
2021-05-19,35.519683837890625
2021-05-20,35.960601806640625
2021-05-21,35.901248931884766
2021-05-24,36.291297912597656
2021-05-25,36.39305114746094
2021-05-26,36.47783660888672
2021-05-27,36.4354362487793
2021-05-28,36.681339263916016
2021-06-01,37.30880355834961
2021-06-02,37.826045989990234
2021-06-03,37.74972915649414
2021-06-04,37.783653259277344
2021-06-07,38.139793395996094
2021-06-08,38.34328842163086
2021-06-09,38.38568115234375
2021-06-10,38.77573013305664
2021-06-11,38.52982711791992
2021-06-14,38.750282287597656
2021-06-15,38.394161224365234
2021-06-16,38.046504974365234
2021-06-17,38.190650939941406
2021-06-18,37.58863067626953
2021-06-21,38.335357666015625
2021-06-22,38.16468811035156
2021-06-23,38.04520034790039
2021-06-24,37.865989685058594
2021-06-25,38.13908004760742
2021-06-28,38.15615463256836
2021-06-29,38.13054656982422
2021-06-30,37.831851959228516
2021-07-01,37.98545837402344
2021-07-02,38.16468811035156
2021-07-06,38.50604248046875
2021-07-07,38.702327728271484
2021-07-08,38.668209075927734
2021-07-09,39.18024826049805
2021-07-12,39.52161407470703
2021-07-13,39.009559631347656
2021-07-14,39.35093307495117
2021-07-15,39.41065979003906
2021-07-16,39.45334243774414
2021-07-19,38.83888244628906
2021-07-20,39.53868103027344
2021-07-21,39.41920471191406
2021-07-22,39.137569427490234
2021-07-23,39.496009826660156
2021-07-26,39.496009826660156
2021-07-27,39.811767578125
2021-07-28,39.572818756103516
2021-07-29,39.45334243774414
2021-07-30,39.581356048583984
2021-08-02,39.59842300415039
2021-08-03,39.76055908203125
2021-08-04,39.6325569152832
2021-08-05,39.94832229614258
2021-08-06,39.88004684448242
2021-08-09,39.7008171081543
2021-08-10,39.27412796020508
2021-08-11,39.48747634887695
2021-08-12,39.624019622802734
2021-08-13,39.888572692871094
2021-08-16,39.93125915527344
2021-08-17,40.008056640625
2021-08-18,39.58988571166992
2021-08-19,39.92272186279297
2021-08-20,40.11046600341797
2021-08-23,39.956851959228516
2021-08-24,39.65816116333008
2021-08-25,39.615474700927734
2021-08-26,39.64109420776367
2021-08-27,39.96538162231445
2021-08-30,40.45183563232422
2021-08-31,40.69078826904297
2021-09-01,41.39059066772461
2021-09-02,41.586875915527344
2021-09-03,41.586875915527344
2021-09-07,41.126033782958984
2021-09-08,41.37351989746094
2021-09-09,40.494503021240234
2021-09-10,39.98244857788086
2021-09-13,40.204341888427734
2021-09-14,40.118995666503906
2021-09-15,40.272613525390625
2021-09-16,40.349422454833984
2021-09-17,39.98244857788086
2021-09-20,39.70869445800781
2021-09-21,39.71726989746094
2021-09-22,40.051971435546875
2021-09-23,39.85458755493164
2021-09-24,39.39973068237305
2021-09-27,38.74750900268555
2021-09-28,38.51578903198242
2021-09-29,38.764671325683594
2021-09-30,38.14677429199219
2021-10-01,38.55870819091797
2021-10-04,38.601619720458984
2021-10-05,38.30125427246094
2021-10-06,38.67026901245117
2021-10-07,38.713172912597656
2021-10-08,38.292659759521484
2021-10-11,38.34415054321289
2021-10-12,38.85906982421875
2021-10-13,39.08220672607422
2021-10-14,39.631446838378906
2021-10-15,39.648624420166016
2021-10-18,39.71726989746094
2021-10-19,39.89749526977539
2021-10-20,40.50680923461914
2021-10-21,40.63554000854492
2021-10-22,40.92732620239258
2021-10-25,41.04747009277344
2021-10-26,41.23627471923828
2021-10-27,40.9359016418457
2021-10-28,41.536651611328125
2021-10-29,41.03889465332031
2021-11-01,41.13328552246094
2021-11-02,41.51948165893555
2021-11-03,41.75977325439453
2021-11-04,41.28776550292969
2021-11-05,41.38216781616211
2021-11-08,41.37358856201172
2021-11-09,41.52805709838867
2021-11-10,41.32209396362305
2021-11-11,41.339263916015625
2021-11-12,41.35641860961914
2021-11-15,41.588134765625
2021-11-16,41.33066940307617
2021-11-17,41.60529708862305
2021-11-18,41.596710205078125
2021-11-19,41.37358856201172
2021-11-22,41.16762161254883
2021-11-23,41.60529708862305
2021-11-24,42.16313171386719
2021-11-26,41.021724700927734
2021-11-29,41.536651611328125
2021-11-30,40.66986846923828
2021-12-01,40.13778305053711
2021-12-02,41.23627471923828
2021-12-03,41.030303955078125
2021-12-06,41.62246322631836
2021-12-07,42.36051559448242
2021-12-08,42.540740966796875
2021-12-09,42.00006866455078
2021-12-10,42.214622497558594
2021-12-13,42.78102493286133
2021-12-14,42.30902099609375
2021-12-15,42.93549728393555
2021-12-16,43.09855651855469
2021-12-17,42.95267105102539
2021-12-20,42.671363830566406
2021-12-21,42.91372299194336
2021-12-22,43.337833404541016
2021-12-23,43.20800018310547
2021-12-27,44.090858459472656
2021-12-28,44.28127670288086
2021-12-29,44.549598693847656
2021-12-30,44.748680114746094
2021-12-31,44.84388732910156
2022-01-03,44.42841720581055
2022-01-04,44.25531005859375
2022-01-05,42.81851577758789
2022-01-06,42.870445251464844
2022-01-07,42.6453971862793
2022-01-10,42.394386291503906
2022-01-11,42.32514953613281
2022-01-12,42.43766784667969
2022-01-13,42.290523529052734
2022-01-14,41.79716873168945
2022-01-18,41.51153564453125
2022-01-19,40.974891662597656
2022-01-20,40.61136245727539
2022-01-21,40.58539962768555
2022-01-24,40.67195129394531
2022-01-25,40.5594367980957
2022-01-26,39.88431167602539
2022-01-27,39.16590118408203
2022-01-28,40.524803161621094
2022-01-31,40.974891662597656
2022-02-01,40.69792556762695
2022-02-02,41.399009704589844
2022-02-03,40.974891662597656
2022-02-04,40.412288665771484
2022-02-07,40.42094802856445
2022-02-08,40.057411193847656
2022-02-09,41.02683639526367
2022-02-10,39.85833740234375
2022-02-11,39.31304931640625
2022-02-14,38.888938903808594
2022-02-15,39.07935333251953
2022-02-16,39.183223724365234
2022-02-17,38.84565734863281
2022-02-18,38.672550201416016
2022-02-22,38.56868362426758
2022-02-23,38.0666618347168
2022-02-24,38.72447967529297
2022-02-25,39.69389343261719
2022-02-28,39.010108947753906
2022-03-01,38.932212829589844
2022-03-02,39.62465286254883
2022-03-03,40.057411193847656
2022-03-04,40.39498519897461
2022-03-07,39.65926742553711
2022-03-08,39.30439758300781
2022-03-09,39.962215423583984
2022-03-10,40.1007080078125
2022-03-11,39.70254898071289
2022-03-14,39.4601936340332
2022-03-15,39.77178955078125
2022-03-16,40.213218688964844
2022-03-17,40.78447723388672
2022-03-18,40.87968444824219
2022-03-21,40.669898986816406
2022-03-22,40.696006774902344
2022-03-23,40.23464584350586
2022-03-24,40.54802322387695
2022-03-25,41.02680587768555
2022-03-28,41.54910659790039
2022-03-29,42.76780319213867
2022-03-30,42.532772064208984
2022-03-31,42.06269454956055
2022-04-01,42.898380279541016
2022-04-04,42.76780319213867
2022-04-05,42.8026237487793
2022-04-06,43.4380989074707
2022-04-07,43.08118438720703
2022-04-08,43.237876892089844
2022-04-11,42.645931243896484
2022-04-12,42.51536560058594
2022-04-13,42.6894645690918
2022-04-14,42.44571304321289
2022-04-18,42.34125518798828
2022-04-19,43.22917938232422
2022-04-20,44.047447204589844
2022-04-21,43.76018142700195
2022-04-22,42.976722717285156
2022-04-25,42.776512145996094
2022-04-26,42.10622787475586
2022-04-27,41.85377502441406
2022-04-28,42.61981964111328
2022-04-29,40.56543731689453
2022-05-02,39.51212692260742
2022-05-03,39.99089813232422
2022-05-04,40.460968017578125
2022-05-05,39.42507553100586
2022-05-06,39.02464294433594
2022-05-09,37.20529556274414
2022-05-10,36.37831115722656
2022-05-11,36.326087951660156
2022-05-12,36.595943450927734
2022-05-13,37.509971618652344
2022-05-16,37.20529556274414
2022-05-17,37.60572814941406
2022-05-18,36.50889205932617
2022-05-19,36.43925094604492
2022-05-20,36.86579895019531
2022-05-23,37.344573974609375
2022-05-24,37.779823303222656
2022-05-25,37.988746643066406
2022-05-26,37.94522476196289
2022-05-27,39.01593780517578
2022-05-31,38.49364471435547
2022-06-01,38.07579040527344
2022-06-02,38.65032958984375
2022-06-03,38.162841796875
2022-06-06,38.049686431884766
2022-06-07,38.49364471435547
2022-06-08,37.57090759277344
2022-06-09,36.709102630615234
2022-06-10,35.83860397338867
2022-06-13,34.11500930786133
2022-06-14,33.87126541137695
2022-06-15,34.64601516723633
2022-06-16,33.819034576416016
2022-06-17,34.019256591796875
2022-06-21,34.65281295776367
2022-06-22,35.21441650390625
2022-06-23,35.907657623291016
2022-06-24,36.68863296508789
2022-06-27,36.5570068359375
2022-06-28,36.056827545166016
2022-06-29,35.828670501708984
2022-06-30,35.855003356933594
2022-07-01,36.495582580566406
2022-07-05,36.34640884399414
2022-07-06,36.32008361816406
2022-07-07,36.34640884399414
2022-07-08,36.179683685302734
2022-07-11,36.179683685302734
2022-07-12,35.95153045654297
2022-07-13,35.758480072021484
2022-07-14,35.407466888427734
2022-07-15,35.97784423828125
2022-07-18,35.62684631347656
2022-07-19,36.60966110229492
2022-07-20,36.42537307739258
2022-07-21,36.802711486816406
2022-07-22,37.08351135253906
2022-07-25,37.10984420776367
2022-07-26,37.18003845214844
2022-07-27,37.38186264038086
2022-07-28,38.759552001953125
2022-07-29,38.908729553222656
2022-08-01,38.5577278137207
2022-08-02,38.04878234863281
2022-08-03,38.20672607421875
2022-08-04,38.241825103759766
2022-08-05,38.36467361450195
2022-08-08,38.645477294921875
2022-08-09,38.95260238647461
2022-08-10,39.4791145324707
2022-08-11,39.29484176635742
2022-08-12,39.96174621582031
2022-08-15,40.13724136352539
2022-08-16,39.97929000854492
2022-08-17,39.86521911621094
2022-08-18,39.59318923950195
2022-08-19,39.207088470458984
2022-08-22,38.3910026550293
2022-08-23,37.81184768676758
2022-08-24,38.11019515991211
2022-08-25,38.6981315612793
2022-08-26,37.71531295776367
2022-08-29,37.3906364440918
2022-08-30,36.85536193847656
2022-08-31,36.72373580932617
2022-09-01,36.85536193847656
2022-09-02,36.223548889160156
2022-09-06,36.60087966918945
2022-09-07,37.30288314819336
2022-09-08,37.4081916809082
2022-09-09,37.767974853515625
2022-09-12,38.08386993408203
2022-09-13,36.635986328125
2022-09-14,36.18845748901367
2022-09-15,35.39870071411133
2022-09-16,35.407466888427734
2022-09-19,35.34017562866211
2022-09-20,34.410404205322266
2022-09-21,33.90567398071289
2022-09-22,33.58688735961914
2022-09-23,33.17070770263672
2022-09-26,32.27634811401367
2022-09-27,31.851314544677734
2022-09-28,32.453453063964844
2022-09-29,31.550249099731445
2022-09-30,31.886734008789062
2022-10-03,32.480018615722656
2022-10-04,32.99360275268555
2022-10-05,32.38261032104492
2022-10-06,31.32001495361328
2022-10-07,30.576202392578125
2022-10-10,30.230859756469727
2022-10-11,30.514211654663086
2022-10-12,30.10688591003418
2022-10-13,30.673601150512695
2022-10-14,29.90322494506836
2022-10-17,31.018943786621094
2022-10-18,31.426279067993164
2022-10-19,30.63818359375
2022-10-20,30.487651824951172
2022-10-21,30.700166702270508
2022-10-24,30.682464599609375
2022-10-25,31.895591735839844
2022-10-26,31.83361053466797
2022-10-27,31.851314544677734
2022-10-28,32.6039924621582
2022-10-31,32.5242919921875
2022-11-01,32.471168518066406
2022-11-02,31.621084213256836
2022-11-03,31.603376388549805
2022-11-04,32.046119689941406
2022-11-07,32.03727340698242
2022-11-08,32.23208236694336
2022-11-09,31.877880096435547
2022-11-10,34.32185363769531
2022-11-11,34.30414581298828
2022-11-14,33.39207458496094
2022-11-15,33.80826950073242
2022-11-16,33.56917953491211
2022-11-17,33.26811599731445
2022-11-18,33.693145751953125
2022-11-21,33.932228088378906
2022-11-22,34.10047149658203
2022-11-23,34.15361022949219
2022-11-25,34.35726547241211
2022-11-28,33.39207458496094
2022-11-29,33.94994354248047
2022-11-30,34.746891021728516
2022-12-01,34.67605209350586
2022-12-02,34.507808685302734
2022-12-05,33.92337417602539
2022-12-06,33.666587829589844
2022-12-07,33.737422943115234
2022-12-08,33.98535919189453
2022-12-09,33.91452407836914
2022-12-12,34.1978759765625
2022-12-13,34.95055389404297
2022-12-14,34.61405944824219
2022-12-15,34.2155876159668
2022-12-16,33.20612716674805
2022-12-19,32.8129768371582
2022-12-20,32.741336822509766
2022-12-21,33.07269287109375
2022-12-22,32.91149139404297
2022-12-23,33.20701599121094
2022-12-27,33.18015670776367
2022-12-28,32.65177917480469
2022-12-29,33.377174377441406
2022-12-30,33.07269287109375
2023-01-03,33.19806671142578
2023-01-04,33.95927429199219
2023-01-05,32.96521759033203
2023-01-06,33.923465728759766
2023-01-09,33.905555725097656
2023-01-10,34.00405502319336
2023-01-11,35.23991775512695
2023-01-12,35.63396453857422
2023-01-13,35.4279899597168
2023-01-17,35.43695068359375
2023-01-18,34.890655517578125
2023-01-19,34.72050094604492
2023-01-20,35.12350082397461
2023-01-23,35.222007751464844
2023-01-24,35.3742561340332
2023-01-25,35.41007614135742
2023-01-26,35.81307601928711
2023-01-27,36.135475158691406
2023-01-30,35.696651458740234
2023-01-31,36.350406646728516
2023-02-01,36.61907196044922
2023-02-02,37.46088790893555
2023-02-03,36.68175506591797
2023-02-06,36.44891357421875
2023-02-07,36.305625915527344
2023-02-08,36.207115173339844
2023-02-09,35.85785675048828
2023-02-10,35.92949295043945
2023-02-13,36.26084899902344
2023-02-14,35.88472366333008
2023-02-15,35.983238220214844
2023-02-16,35.65187072753906
2023-02-17,35.47276306152344
2023-02-21,34.77423858642578
2023-02-22,34.46079635620117
2023-02-23,34.79214859008789
2023-02-24,34.1473503112793
2023-02-27,34.201080322265625
2023-02-28,34.218994140625
2023-03-01,33.69062042236328
2023-03-02,34.12944030761719
2023-03-03,34.70258712768555
2023-03-06,34.56825256347656
2023-03-07,33.69956588745117
2023-03-08,34.17420959472656
2023-03-09,33.39508819580078
2023-03-10,32.32938003540039
2023-03-13,32.84879684448242
2023-03-14,33.189109802246094
2023-03-15,33.20701599121094
2023-03-16,33.20701599121094
2023-03-17,32.44580841064453
2023-03-20,32.793949127197266
2023-03-21,32.60454177856445
2023-03-22,31.41400146484375
2023-03-23,31.224594116210938
2023-03-24,32.027305603027344
2023-03-27,31.919082641601562
2023-03-28,31.810848236083984
2023-03-29,32.56846237182617
2023-03-30,32.992366790771484
2023-03-31,33.71391296386719
2023-04-03,33.398231506347656
2023-04-04,33.40726089477539
2023-04-05,33.23588562011719
2023-04-06,33.46136474609375
2023-04-10,33.63273239135742
2023-04-11,33.795082092285156
2023-04-12,33.69586944580078
2023-04-13,33.58763885498047
2023-04-14,33.010406494140625
2023-04-17,33.759002685546875
2023-04-18,33.70487976074219
2023-04-19,33.90331268310547
2023-04-20,33.497440338134766
2023-04-21,33.53351974487305
2023-04-24,33.44333267211914
2023-04-25,33.136680603027344
2023-04-26,32.866092681884766
2023-04-27,33.6597900390625
2023-04-28,34.04761505126953
2023-05-01,33.7319450378418
2023-05-02,33.15471267700195
2023-05-03,32.947269439697266
2023-05-04,33.25392532348633
2023-05-05,33.76802062988281
2023-05-08,33.53351974487305
2023-05-09,33.425289154052734
2023-05-10,33.740962982177734
2023-05-11,33.38921356201172
2023-05-12,33.45235061645508
2023-05-15,33.38921356201172
2023-05-16,32.49630355834961
2023-05-17,32.92020797729492
2023-05-18,32.712772369384766
2023-05-19,32.658660888671875
2023-05-22,32.87511444091797
2023-05-23,32.4692497253418
2023-05-24,31.756729125976562
2023-05-25,31.82888412475586
2023-05-26,32.19867706298828
2023-05-30,32.297889709472656
2023-05-31,32.50532913208008
2023-06-01,32.51435089111328
2023-06-02,33.199806213378906
2023-06-05,33.04648208618164
2023-06-06,33.24489974975586
2023-06-07,33.85821533203125
2023-06-08,33.650779724121094
2023-06-09,33.47941207885742
2023-06-12,33.46136474609375
2023-06-13,33.70487976074219
2023-06-14,33.885276794433594
2023-06-15,34.029579162597656
2023-06-16,33.99349594116211
2023-06-20,33.628360748291016
2023-06-21,33.48265838623047
2023-06-22,33.0091438293457
2023-06-23,32.65401840209961
2023-06-26,33.38248825073242
2023-06-27,33.746726989746094
2023-06-28,33.83778762817383
2023-06-29,34.14739990234375
2023-06-30,34.320404052734375
2023-07-03,34.59358596801758
2023-07-05,34.7666015625
2023-07-06,34.575374603271484
2023-07-07,34.41146469116211
2023-07-10,34.529842376708984
2023-07-11,34.9213981628418
2023-07-12,35.085304260253906
2023-07-13,35.32206344604492
2023-07-14,35.32206344604492
2023-07-17,35.021568298339844
2023-07-18,34.73017501831055
2023-07-19,35.11262893676758
2023-07-20,34.99424743652344
2023-07-21,35.14905548095703
2023-07-24,35.48597717285156
2023-07-25,35.221900939941406
2023-07-26,35.3493766784668
2023-07-27,34.602699279785156
2023-07-28,34.50252151489258
2023-07-31,34.77570343017578
2023-08-01,34.711952209472656
2023-08-02,34.56626892089844
2023-08-03,34.0927619934082
2023-08-04,33.75584030151367
2023-08-07,34.18382263183594
2023-08-08,34.01080322265625
2023-08-09,34.0927619934082
2023-08-10,33.98348617553711
2023-08-11,34.04723358154297
2023-08-14,33.8651008605957
2023-08-15,33.519081115722656
2023-08-16,33.10931396484375
2023-08-17,32.86345291137695
2023-08-18,32.95450210571289
2023-08-21,32.6722297668457
2023-08-22,32.772396087646484
2023-08-23,33.255008697509766
2023-08-24,33.100196838378906
2023-08-25,33.19126510620117
2023-08-28,33.455345153808594
2023-08-29,33.83778762817383
2023-08-30,33.9561653137207
2023-08-31,33.71030807495117
2023-09-01,33.69209671020508
2023-09-05,33.35517883300781
2023-09-06,33.29143524169922
2023-09-07,33.564605712890625
2023-09-08,33.346065521240234
2023-09-11,33.364280700683594
2023-09-12,33.364280700683594
2023-09-13,33.02735900878906
2023-09-14,33.628360748291016
2023-09-15,33.50086975097656
2023-09-18,33.208072662353516
2023-09-19,33.03368377685547
2023-09-20,33.097930908203125
2023-09-21,31.950613021850586
2023-09-22,31.730321884155273
2023-09-25,31.67525291442871
2023-09-26,31.11536407470703
2023-09-27,30.84000015258789
2023-09-28,31.161251068115234
2023-09-29,31.27139663696289
2023-10-02,30.702322006225586
2023-10-03,30.14242935180664
2023-10-04,30.46367835998535
2023-10-05,30.683963775634766
2023-10-06,30.803295135498047
2023-10-09,31.20714569091797
2023-10-10,31.317283630371094
2023-10-11,31.950613021850586
2023-10-12,31.528392791748047
2023-10-13,31.51922035217285
2023-10-16,31.840463638305664
2023-10-17,31.67525291442871
2023-10-18,30.977684020996094
2023-10-19,30.215858459472656
2023-10-20,30.05982208251953
2023-10-23,29.802824020385742
2023-10-24,30.17914581298828
2023-10-25,29.545820236206055
2023-10-26,30.16996955871582
2023-10-27,29.692676544189453
2023-10-30,29.78446388244629
2023-10-31,30.381071090698242
2023-11-01,30.537107467651367
2023-11-02,31.48250389099121
2023-11-03,32.22596740722656
2023-11-06,31.785400390625
2023-11-07,31.51922035217285
2023-11-08,31.702791213989258
2023-11-09,31.216320037841797
2023-11-10,31.565109252929688
2023-11-13,31.298933029174805
2023-11-14,32.98778533935547
2023-11-15,33.06121826171875
2023-11-16,33.05204391479492
2023-11-17,33.01532745361328
2023-11-20,33.2723274230957
2023-11-21,33.10710906982422
2023-11-22,33.208072662353516
2023-11-24,33.336578369140625
2023-11-27,33.45589828491211
2023-11-28,33.639469146728516
2023-11-29,33.89646911621094
2023-11-30,34.17182540893555
2023-12-01,34.887752532958984
2023-12-04,35.080501556396484
2023-12-05,34.93363952636719
2023-12-06,34.81432342529297
2023-12-07,34.86021423339844
2023-12-08,34.78678894042969
2023-12-11,34.90610885620117
2023-12-12,34.89693069458008
2023-12-13,36.163578033447266
2023-12-14,37.16404342651367
2023-12-15,36.71428680419922
2023-12-18,36.61317825317383
2023-12-19,36.8636360168457
2023-12-20,36.39982986450195
2023-12-21,36.705936431884766
2023-12-22,36.85435485839844
2023-12-26,37.12336730957031
2023-12-27,37.33671951293945
2023-12-28,37.56863021850586
2023-12-29,37.16048049926758
2024-01-02,37.50369644165039
2024-01-03,36.61317825317383
2024-01-04,36.520408630371094
2024-01-05,36.44620895385742
2024-01-08,36.94711685180664
2024-01-09,36.68738555908203
2024-01-10,36.7430419921875
2024-01-11,36.39982986450195
2024-01-12,36.6781120300293
2024-01-16,36.45547866821289
2024-01-17,35.787601470947266
2024-01-18,35.55569076538086
2024-01-19,35.8989143371582
2024-01-22,36.065887451171875
2024-01-23,35.8710823059082
2024-01-24,35.37943649291992
2024-01-25,35.8618049621582
2024-01-26,35.70410919189453
2024-01-29,35.96384048461914
2024-01-30,35.62990188598633
2024-01-31,35.37016677856445
2024-02-01,35.991676330566406
2024-02-02,35.537139892578125
2024-02-05,34.83214569091797
2024-02-06,35.36088943481445
2024-02-07,35.34233856201172
2024-02-08,35.537139892578125
2024-02-09,35.62990188598633
2024-02-12,35.51858139038086
2024-02-13,34.8692512512207
2024-02-14,35.101158142089844
2024-02-15,35.94529724121094
2024-02-16,35.574241638183594
2024-02-20,35.51858139038086
2024-02-21,35.7783203125
2024-02-22,35.8710823059082
2024-02-23,35.91746520996094
2024-02-26,35.509307861328125
2024-02-27,35.537139892578125
2024-02-28,35.991676330566406
2024-02-29,36.279232025146484
2024-03-01,36.6781120300293
2024-03-04,37.09554672241211
2024-03-05,36.62245178222656
2024-03-06,36.82653045654297
2024-03-07,36.82653045654297
2024-03-08,37.262508392333984
2024-03-11,37.076988220214844
2024-03-12,36.984222412109375
2024-03-13,36.7523193359375
2024-03-14,36.232852935791016
2024-03-15,36.21430206298828
2024-03-18,36.20869064331055
2024-03-19,36.20869064331055
2024-03-20,36.35812759399414
2024-03-21,36.49821853637695
2024-03-22,36.06859588623047
2024-03-25,35.92851638793945
2024-03-26,35.779090881347656
2024-03-27,36.68500518798828
2024-03-28,36.91848373413086
2024-04-01,36.27407455444336
2024-04-02,35.87247848510742
2024-04-03,35.89115905761719
2024-04-04,35.61097717285156
2024-04-05,35.84446716308594
2024-04-08,36.15266036987305
2024-04-09,36.610286712646484
2024-04-10,35.106651306152344
2024-04-11,35.14400863647461
2024-04-12,34.77976989746094
2024-04-15,34.1727180480957
2024-04-16,33.64970779418945
2024-04-17,33.36953353881836
2024-04-18,33.378868103027344
2024-04-19,33.509620666503906
2024-04-22,33.780460357666016
2024-04-23,34.088661193847656
2024-04-24,34.21940994262695
2024-04-25,34.023284912109375
2024-04-26,34.05130386352539
2024-04-29,34.4342155456543
2024-04-30,33.799137115478516
2024-05-01,33.81782150268555
2024-05-02,34.303470611572266
2024-05-03,34.57430648803711
2024-05-06,34.583648681640625
2024-05-07,34.947879791259766
2024-05-08,34.62100601196289
2024-05-09,35.44287109375
2024-05-10,35.31211853027344
2024-05-13,35.40550994873047
2024-05-14,35.657676696777344
2024-05-15,36.264732360839844
2024-05-16,36.19935607910156
2024-05-17,36.19935607910156
2024-05-20,35.9752082824707
2024-05-21,35.94719314575195
2024-05-22,35.63899612426758
2024-05-23,34.882503509521484
2024-05-24,34.882503509521484
2024-05-28,34.677040100097656
2024-05-29,34.35015869140625
2024-05-30,34.84514617919922
2024-05-31,35.53626251220703
2024-06-03,35.396175384521484
2024-06-04,35.73237991333008
2024-06-05,35.685691833496094
2024-06-06,35.74172592163086
2024-06-07,35.46155548095703
2024-06-10,35.63899612426758
2024-06-11,35.52692413330078
2024-06-12,35.779090881347656
2024-06-13,35.9565315246582
2024-06-14,35.98455047607422
2024-06-17,35.79776382446289
2024-06-18,35.9378547668457
2024-06-20,35.84446716308594
2024-06-21,35.9378547668457
2024-06-24,36.18031311035156
2024-06-25,35.670867919921875
2024-06-26,35.623687744140625
2024-06-27,35.944461822509766
2024-06-28,36.23691940307617
2024-07-01,35.887855529785156
2024-07-02,36.03880310058594
2024-07-03,36.00106430053711
2024-07-05,36.13314437866211
2024-07-08,36.21805191040039
2024-07-09,36.22748565673828
2024-07-10,36.482208251953125
2024-07-11,37.45393371582031
2024-07-12,37.72753143310547
2024-07-15,37.88791275024414
2024-07-16,38.24641036987305
2024-07-17,38.5860481262207
2024-07-18,38.26528549194336
2024-07-19,38.218109130859375
2024-07-22,38.59547805786133
2024-07-23,38.529441833496094
2024-07-24,38.00112533569336
2024-07-25,37.7935791015625
2024-07-26,38.425662994384766
2024-07-29,38.670955657958984
2024-07-30,38.953983306884766
2024-07-31,38.85963821411133
2024-08-01,39.463436126708984
2024-08-02,39.491729736328125
2024-08-05,38.350189208984375
2024-08-06,39.19926834106445
2024-08-07,38.91624450683594
2024-08-08,39.24644088745117
2024-08-09,39.4445686340332
2024-08-12,39.208709716796875
2024-08-13,39.48229217529297
2024-08-14,39.62381362915039
2024-08-15,39.51060104370117
2024-08-16,39.491729736328125
2024-08-19,39.72759246826172
2024-08-20,39.765323638916016
2024-08-21,39.897403717041016
2024-08-22,40.142696380615234
2024-08-23,40.91630554199219
2024-08-26,40.88800048828125
2024-08-27,40.99177932739258
2024-08-28,40.85026168823242
2024-08-29,40.68988037109375
2024-08-30,41.08612060546875
2024-09-03,41.18046569824219
2024-09-04,41.274803161621094
2024-09-05,41.161590576171875
2024-09-06,41.161590576171875
2024-09-09,41.65217590332031
2024-09-10,42.3880500793457
2024-09-11,42.27482986450195
2024-09-12,42.350303649902344
2024-09-13,42.65220260620117
2024-09-16,42.79371643066406
2024-09-17,42.45408630371094
2024-09-18,42.33143615722656
2024-09-19,42.227664947509766
2024-09-20,42.15218734741211
2024-09-23,42.61865997314453
2024-09-24,42.61865997314453
2024-09-25,42.438148498535156
2024-09-26,42.02013397216797
2024-09-27,42.07714080810547
2024-09-30,42.438148498535156
2024-10-01,42.181644439697266
2024-10-02,42.029640197753906
2024-10-03,41.621116638183594
2024-10-04,41.34560775756836
2024-10-07,41.04159927368164
2024-10-08,41.16510009765625
2024-10-09,41.18410110473633
2024-10-10,40.84209060668945
2024-10-11,41.260101318359375
2024-10-14,41.54512023925781
2024-10-15,42.067630767822266
2024-10-16,42.485652923583984
2024-10-17,42.21014404296875
2024-10-18,42.50465393066406
2024-10-21,41.630619049072266
2024-10-22,41.69711685180664
2024-10-23,42.10563278198242
2024-10-24,42.20063781738281
2024-10-25,41.868125915527344
2024-10-28,42.00113296508789
2024-10-29,41.621116638183594
2024-10-30,41.77312469482422
2024-10-31,41.04159927368164
2024-11-01,40.604583740234375
2024-11-04,41.06059646606445
2024-11-05,41.621116638183594
2024-11-06,40.509578704833984
2024-11-07,41.013092041015625
2024-11-08,41.716121673583984
2024-11-11,41.355106353759766
2024-11-12,40.832584381103516
2024-11-13,41.15559768676758
2024-11-14,40.785091400146484
2024-11-15,40.832584381103516
2024-11-18,41.193607330322266
2024-11-19,41.36460876464844
2024-11-20,41.2981071472168
2024-11-21,41.57361602783203
2024-11-22,41.88713073730469
2024-11-25,42.44765090942383
2024-11-26,42.65665817260742
2024-11-27,42.951171875
2024-11-29,42.75166320800781
2024-12-02,42.10563278198242
2024-12-03,41.85862731933594
2024-12-04,41.74462127685547
2024-12-05,41.6401252746582
2024-12-06,41.58311462402344
2024-12-09,41.66862106323242
2024-12-10,40.99409484863281
2024-12-11,40.889591217041016
2024-12-12,40.861087799072266
2024-12-13,40.690086364746094
2024-12-16,40.48107147216797
2024-12-17,40.30056381225586
2024-12-18,38.72350311279297
2024-12-19,38.05848693847656
2024-12-20,38.752010345458984
2024-12-23,38.92869186401367
2024-12-24,39.18796157836914
2024-12-26,39.24557876586914
2024-12-27,38.92869186401367
2024-12-30,38.746246337890625
2024-12-31,39.053524017333984
2025-01-02,38.688629150390625
2025-01-03,39.216766357421875
2025-01-06,38.67902374267578
2025-01-07,38.390953063964844
2025-01-08,38.554195404052734
2025-01-10,37.622745513916016
2025-01-13,38.102874755859375
2025-01-14,38.429359436035156
2025-01-15,38.59260177612305
2025-01-16,39.45683288574219
2025-01-17,39.44723129272461
2025-01-21,40.167423248291016
2025-01-22,39.466434478759766
2025-01-23,39.78331756591797
2025-01-24,39.8985481262207
2025-01-27,40.29225158691406
2025-01-28,39.80252456665039
2025-01-29,39.34160232543945
2025-01-30,39.860130310058594
2025-01-31,39.773712158203125
2025-02-03,39.70650100708008
2025-02-04,39.70650100708008
2025-02-05,40.33066177368164
2025-02-06,40.445892333984375
2025-02-07,40.30186080932617
2025-02-10,40.35947036743164
2025-02-11,40.580326080322266
2025-02-12,40.23463821411133
2025-02-13,40.55152130126953
2025-02-14,40.38827896118164
2025-02-18,40.532318115234375
2025-02-19,40.60913848876953
2025-02-20,40.88761520385742
2025-02-21,40.55152130126953
2025-02-24,40.73396682739258
2025-02-25,41.16608428955078
2025-02-26,40.96443176269531
2025-02-27,41.14687728881836
2025-02-28,41.434959411621094
2025-03-03,41.79024887084961
2025-03-04,41.31012725830078
2025-03-05,41.69422149658203
2025-03-06,40.55152130126953
2025-03-07,40.781982421875
2025-03-10,40.38827896118164
2025-03-11,39.96576690673828
2025-03-12,39.82173156738281
2025-03-13,39.04392623901367
2025-03-14,39.80252456665039
2025-03-17,40.50351333618164
2025-03-18,40.25383758544922
2025-03-19,40.30186080932617
2025-03-20,40.25383758544922
2025-03-21,39.860130310058594
2025-03-24,40.41485595703125
2025-03-25,39.93165588378906
2025-03-26,40.13459396362305
2025-03-27,40.037960052490234
2025-03-28,40.01863098144531
2025-03-31,40.44384765625
2025-04-01,40.47283935546875
2025-04-02,40.66611862182617
2025-04-03,39.44845199584961
2025-04-04,37.65094757080078
2025-04-07,36.74253463745117
2025-04-08,35.8341178894043
2025-04-09,37.892547607421875
2025-04-10,37.09043884277344
2025-04-11,37.6122932434082
2025-04-14,38.443397521972656
2025-04-15,38.501380920410156
2025-04-16,38.4820556640625
2025-04-17,39.090885162353516
2025-04-21,38.27910614013672
2025-04-22,39.0618896484375
2025-04-23,39.1102180480957
2025-04-24,39.22618865966797
2025-04-25,39.16819763183594
2025-04-28,39.409793853759766
2025-04-29,39.72871017456055
2025-04-30,39.912322998046875
2025-05-01,40.02828598022461
2025-05-02,40.52116012573242
2025-05-05,40.47283935546875
2025-05-06,40.19258117675781
2025-05-07,40.16359329223633
2025-05-08,39.97031021118164
2025-05-09,40.211910247802734
2025-05-12,40.25056457519531
2025-05-13,39.709381103515625
2025-05-14,39.37114334106445
2025-05-15,40.095943450927734
2025-05-16,40.59846496582031
2025-05-19,40.68544387817383
2025-05-20,40.47283935546875
2025-05-21,39.40013122558594
2025-05-22,39.26483917236328
2025-05-23,39.27450180053711
2025-05-27,39.92198944091797
2025-05-28,39.92198944091797
2025-05-29,40.289222717285156
2025-05-30,40.327877044677734
2025-06-02,40.385868072509766
2025-06-03,40.24089813232422
2025-06-04,40.36653137207031
2025-06-05,40.35686492919922
2025-06-06,40.47283935546875
2025-06-09,40.45350646972656
2025-06-10,40.81107711791992
2025-06-11,40.58880615234375
2025-06-12,40.81107711791992
2025-06-13,40.48249816894531
2025-06-16,40.52116012573242
2025-06-17,40.35686492919922
2025-06-18,40.434181213378906
2025-06-20,40.42451858520508
2025-06-23,41.01448059082031
2025-06-24,41.209503173828125
2025-06-25,40.205108642578125
2025-06-26,39.951576232910156
2025-06-27,40.09784698486328
2025-06-30,40.390380859375
2025-07-01,40.66342544555664
2025-07-02,40.74143600463867
2025-07-03,40.76094055175781
2025-07-07,40.448890686035156
2025-07-08,40.390380859375
2025-07-09,40.370887756347656
2025-07-10,40.57566452026367
2025-07-11,40.536659240722656
2025-07-14,40.80970001220703
2025-07-15,40.283119201660156
2025-07-16,40.72193145751953
2025-07-17,40.68292999267578
2025-07-18,40.79994583129883
2025-07-21,40.955970764160156
2025-07-22,41.667823791503906
2025-07-23,41.78483581542969
2025-07-24,41.72633361816406
2025-07-25,41.72633361816406
2025-07-28,41.00472640991211
2025-07-29,41.68732452392578
2025-07-30,41.10224151611328
2025-07-31,40.380638122558594
2025-08-01,40.26362228393555
2025-08-04,40.604915618896484
2025-08-05,40.74143600463867
2025-08-06,40.40013885498047
2025-08-07,40.55615997314453
2025-08-08,40.224613189697266
2025-08-11,39.990577697753906
2025-08-12,40.058841705322266
2025-08-13,40.32212829589844
2025-08-14,40.039337158203125
2025-08-15,40.3026237487793
2025-08-18,39.92231750488281
2025-08-19,40.63417053222656
2025-08-20,40.79019546508789
2025-08-21,40.64392852783203
2025-08-22,41.28751754760742
2025-08-25,41.082740783691406
2025-08-26,40.96571731567383
2025-08-27,41.14124298095703
2025-08-28,41.03398132324219
2025-08-29,41.258262634277344
2025-09-02,40.55615997314453
2025-09-03,40.448890686035156
2025-09-04,40.72193145751953
2025-09-05,41.13149642944336
2025-09-08,40.858455657958984
2025-09-09,40.83895492553711
2025-09-10,40.8194465637207
2025-09-11,41.4825439453125
2025-09-12,41.297271728515625
2025-09-15,41.24850845336914
2025-09-16,41.00472640991211
2025-09-17,40.98522186279297
2025-09-18,41.01448059082031
2025-09-19,40.80970001220703
2025-09-22,40.94430923461914
2025-09-23,41.2685661315918
2025-09-24,40.84605407714844
2025-09-25,40.747798919677734
2025-09-26,41.150657653808594
2025-09-29,41.2292594909668
2025-09-30,41.39630126953125
2025-10-01,41.39630126953125
2025-10-02,41.18013381958008
2025-10-03,41.34717559814453
2025-10-06,40.934486389160156
2025-10-07,40.8067512512207
2025-10-08,40.600406646728516
2025-10-09,40.41371536254883
2025-10-10,39.971553802490234
2025-10-13,40.197547912597656
2025-10-14,40.580753326416016
2025-10-15,41.17030715942383
2025-10-16,41.04256820678711
2025-10-17,41.30786895751953
2025-10-20,41.740203857421875
2025-10-21,41.61246871948242
2025-10-22,41.79916000366211
2025-10-23,41.75986099243164
2025-10-24,41.907249450683594
2025-10-27,41.99568176269531
2025-10-28,41.062225341796875
2025-10-29,39.94207763671875
2025-10-30,40.16807174682617
2025-10-31,40.18772506713867
2025-11-03,40.11894226074219
2025-11-04,40.22702407836914
2025-11-05,40.217201232910156
2025-11-06,40.02068328857422
2025-11-07,40.55127716064453
2025-11-10,40.52180099487305
2025-11-11,40.973793029785156
2025-11-12,40.6495361328125
2025-11-13,40.11894226074219
2025-11-14,40.23685073852539
2025-11-17,39.971553802490234
2025-11-18,40.11894226074219
2025-11-19,39.80451202392578
2025-11-20,39.66695022583008
2025-11-21,40.18772506713867
2025-11-24,40.24667739868164
2025-11-25,40.57093048095703
2025-11-26,40.747798919677734
2025-11-28,40.94430923461914
2025-12-01,40.37441635131836
2025-12-02,40.27615737915039
2025-12-03,40.354759216308594
2025-12-04,40.285980224609375
2025-12-05,40.27615737915039
2025-12-08,40.03050994873047
2025-12-09,39.7946891784668
2025-12-10,39.87329864501953
2025-12-11,40.08946228027344
2025-12-12,40.04033279418945
2025-12-15,40.197547912597656
2025-12-16,39.84381866455078
2025-12-17,40.02068328857422
2025-12-18,39.7750358581543
2025-12-19,39.627647399902344
2025-12-22,39.921669006347656
2025-12-23,39.911739349365234
2025-12-24,40.17000198364258
2025-12-26,40.24946975708008
2025-12-29,40.358734130859375
2025-12-30,40.44813537597656
